Store Number,AreaStore,Property,Type,Old/New,Checkout Number,Revenue
1,1540,Owned,Extra,New,5,"3,42,09,500"
2,1790,Cooperate,Extra,Old,,"2,09,82,000"
3,510,Owned,Express,New,4,"1,52,04,500"
4,470,Owned,Express,New,3,"78,19,500"
5,470,Rental,Express,New,,"1,20,51,500"
6,2000,Cooperate,Hyper,New,4,"3,50,13,500"
7,2280,Owned,Hyper,New,,"5,25,44,000"
8,2350,Rental,Hyper,New,5,"7,55,72,000"
9,1350,Rental/Cooperate,Extra,New,6,"31,23,000"
10,2600,Rental,Hyper,New,9,"2,32,39,000"
11,1500,Owned,Extra,New,4,"2,01,18,500"
12,450,Owned,Express,New,5,"1,05,19,000"
13,1150,Rental,Extra,New,7,"61,81,500"
14,590,Rental/Cooperate,Express,New,1,"26,30,500"
15,590,Cooperate,Express,New,4,"1,16,28,000"
16,2900,Cooperate,Hyper,New,8,"1,66,88,500"
17,2480,Cooperate,Hyper,New,,"3,70,46,500"
18,750,Owned,Express,New,3,"23,36,000"
19,3210,Owned,Hyper,New,7,"3,27,20,500"
20,3410,Rental,Hyper,New,11,"6,48,84,500"
21,1200,Owned,Extra,New,5,"2,94,63,000"
22,730,Owned,Express,Old,2,"94,86,000"
23,360,Owned,Express,New,2,"1,54,75,000"
24,3940,Rental,Hyper,New,8,"6,63,29,500"
25,3240,Rental,Hyper,Old,7,"5,34,87,000"
26,830,Cooperate,Express,New,3,"1,99,87,500"
27,80,Cooperate,Express,New,4,"1,11,22,000"
28,500,Rental/Cooperate,Express,Old,3,"23,36,000"
29,1360,Owned,Extra,Old,6,"4,66,62,500"
30,460,Cooperate,Express,New,2,"75,89,000"
31,1640,Rental,Extra,New,6,"1,65,47,500"
32,650,Owned,Express,New,3,"1,64,11,500"
33,2490,Cooperate,Hyper,New,,"3,97,06,000"
34,2710,Rental/Cooperate,Hyper,New,5,"5,21,81,500"
35,600,Cooperate,Express,New,3,"91,92,000"
36,1060,Rental,Extra,New,5,"1,93,53,500"
37,410,Owned,Express,New,3,"1,30,24,000"
38,900,Owned,Express,Old,3,"1,21,45,000"
39,540,Rental,Express,New,1,"1,04,40,500"
40,570,Rental,Express,New,5,"94,45,500"
41,610,Cooperate,Express,New,3,"35,87,500"
42,3780,Owned,Hyper,New,10,"6,20,79,500"
43,390,Owned,Express,Old,4,"23,36,000"
44,1560,Cooperate,Extra,New,9,"96,36,000"
45,460,Rental,Express,New,3,"75,79,000"
46,1020,Cooperate,Extra,Old,,"2,55,22,500"
47,360,Owned,Express,New,3,"50,83,000"
48,840,Rental,Express,New,2,"86,67,500"
49,700,Rental/Cooperate,Express,New,2,"1,19,64,500"
50,1740,Owned,Extra,Old,3,"2,72,63,500"
51,3170,Rental/Cooperate,Hyper,New,10,"2,15,20,000"
52,1080,Owned,Extra,New,,"3,23,23,500"
53,610,Rental/Cooperate,Express,New,3,"1,26,78,500"
54,430,Rental,Express,Old,3,"1,23,58,000"
55,1230,Cooperate,Extra,New,9,"3,16,01,500"
56,2150,Rental,Hyper,New,10,"2,67,65,500"
57,700,Rental,Express,New,4,"56,75,500"
58,730,Rental/Cooperate,Express,New,3,"1,55,32,000"
59,1880,Cooperate,Extra,New,5,"1,31,88,000"
60,2360,Owned,Hyper,New,6,"4,47,17,000"
61,620,Rental,Express,New,3,"1,55,63,000"
62,560,Cooperate,Express,New,4,"90,12,000"
63,1950,Owned,Extra,New,7,"1,16,37,000"
64,360,Rental,Express,Old,3,"92,59,000"
65,680,Owned,Express,New,3,"1,01,63,000"
66,2390,Rental/Cooperate,Hyper,New,5,"3,73,28,500"
67,3580,Cooperate,Hyper,New,9,"2,13,44,500"
68,1450,Owned,Extra,New,6,"1,12,36,500"
69,1450,Rental/Cooperate,Extra,New,6,"73,49,500"
70,620,Rental,Express,New,3,"1,70,98,000"
71,1670,Owned,Extra,New,3,"1,04,27,000"
72,1540,Rental/Cooperate,Extra,New,,"3,22,01,000"
73,650,Owned,Express,New,5,"1,40,25,000"
74,1690,Owned,Extra,New,7,"3,42,65,000"
75,500,Owned,Express,New,4,"59,63,000"
76,2820,Rental,Hyper,New,7,"4,78,96,500"
77,970,Owned,Express,New,1,"1,47,17,500"
78,2000,Cooperate,Hyper,Old,7,"6,80,38,000"
79,570,Owned,Express,New,2,"63,08,000"
80,680,Rental,Express,New,2,"1,18,98,500"
81,3020,Rental/Cooperate,Hyper,New,7,"8,91,38,000"
82,670,Cooperate,Express,New,1,"1,17,18,500"
83,2520,Cooperate,Hyper,New,11,"3,04,08,500"
84,2900,Owned,Hyper,Old,10,"6,35,74,000"
85,340,Cooperate,Express,New,2,"77,50,000"
86,2530,Owned,Hyper,New,13,"5,43,58,500"
87,330,Cooperate,Express,Old,4,"2,33,32,500"
88,1670,Rental,Extra,Old,3,"1,72,30,500"
89,3870,Owned,Hyper,Old,7,"5,51,35,500"
90,3530,Owned,Hyper,New,6,"4,50,68,500"
91,1000,Owned,Extra,New,4,"2,07,05,500"
92,330,Rental,Express,New,4,"23,36,000"
93,480,Rental/Cooperate,Express,New,3,"1,92,47,500"
94,1050,Cooperate,Extra,New,,"4,19,41,500"
95,1410,Owned,Extra,New,4,"3,14,25,500"
96,1460,Owned,Extra,New,4,"2,55,41,000"
97,490,Owned,Express,New,3,"1,45,72,500"
98,4100,Cooperate,Hyper,Old,5,"8,89,19,500"
99,200,Rental,Express,New,3,"1,41,29,500"
100,610,Rental,Express,New,2,"93,51,000"
101,470,Owned,Express,New,2,"1,56,97,500"
102,3240,Owned,Hyper,New,7,"6,42,51,000"
103,1490,Owned,Extra,New,7,"3,39,38,500"
104,1200,Owned,Extra,New,,"1,60,91,500"
105,690,Rental,Express,New,,"1,42,62,000"
106,550,Cooperate,Express,New,3,"1,82,66,000"
107,1260,Owned,Extra,New,,"3,27,00,500"
108,1360,Cooperate,Extra,New,5,"4,09,76,000"
109,700,Rental/Cooperate,Express,New,,"1,54,81,000"
110,790,Cooperate,Express,New,3,"1,46,91,500"
111,1330,Rental/Cooperate,Extra,New,6,"2,25,42,000"
112,3050,Rental,Hyper,New,10,"2,98,94,500"
113,4450,Rental,Hyper,Old,6,"2,19,75,500"
114,1700,Owned,Extra,New,7,"3,38,56,000"
115,1570,Rental,Extra,New,5,"1,10,35,500"
116,570,Owned,Express,New,2,"1,64,50,500"
117,1370,Owned,Extra,New,4,"1,96,73,500"
118,1510,Owned,Extra,New,4,"1,21,61,000"
119,600,Owned,Express,New,3,"75,58,000"
120,1290,Cooperate,Extra,New,6,"30,65,500"
121,300,Owned,Express,New,2,"93,19,000"
122,3200,Rental/Cooperate,Hyper,New,12,"6,34,12,000"
123,1370,Rental,Extra,New,5,"94,56,000"
124,550,Owned,Express,New,3,"1,25,36,000"
125,410,Owned,Express,New,3,"1,97,96,000"
126,1380,Owned,Extra,New,6,"3,48,46,500"
127,480,Cooperate,Express,New,3,"1,06,75,500"
128,570,Rental,Express,New,2,"1,07,47,000"
129,1540,Rental,Extra,New,8,"3,88,83,000"
130,940,Owned,Express,New,2,"1,58,33,500"
131,3110,Rental,Hyper,New,14,"3,00,93,000"
132,1200,Cooperate,Extra,Old,4,"30,65,500"
133,460,Owned,Express,New,2,"1,15,02,000"
134,1500,Owned,Extra,New,9,"3,87,50,500"
135,450,Rental,Express,New,2,"1,35,51,500"
136,2060,Rental/Cooperate,Hyper,New,,"8,28,88,000"
137,770,Cooperate,Express,Old,2,"23,36,000"
138,1750,Owned,Extra,New,5,"4,30,61,500"
139,270,Cooperate,Express,New,2,"1,06,31,000"
140,560,Rental/Cooperate,Express,New,2,"1,43,37,000"
141,360,Rental,Express,New,3,"1,13,21,500"
142,3350,Cooperate,Hyper,New,10,"2,37,66,000"
143,1030,Cooperate,Extra,New,8,"2,94,79,000"
144,1220,Rental/Cooperate,Extra,New,8,"2,62,29,500"
145,1700,Rental,Extra,New,6,"5,54,05,500"
146,870,Cooperate,Express,New,,"91,06,000"
147,3670,Owned,Hyper,New,10,"7,36,31,500"
148,380,Owned,Express,New,3,"1,69,50,500"
149,240,Cooperate,Express,New,2,"23,36,000"
150,1340,Owned,Extra,New,7,"4,70,29,500"
151,570,Cooperate,Express,New,4,"23,36,000"
152,1000,Cooperate,Extra,New,5,"3,02,55,000"
153,550,Owned,Express,New,1,"1,00,65,000"
154,1080,Rental,Extra,New,7,"2,99,93,000"
155,1180,Owned,Extra,New,5,"86,06,000"
156,540,Owned,Express,New,4,"46,85,500"
157,1540,Cooperate,Extra,New,5,"1,26,01,000"
158,1380,Cooperate,Extra,Old,4,"1,61,89,500"
159,340,Owned,Express,New,5,"1,08,11,500"
160,430,Owned,Express,New,3,"99,26,000"
161,2830,Rental,Hyper,New,10,"6,14,09,000"
162,2610,Rental,Hyper,Old,7,"4,07,58,000"
163,1000,Rental,Extra,New,,"30,65,500"
164,3940,Rental,Hyper,New,13,"4,12,78,500"
165,660,Cooperate,Express,New,3,"2,90,73,000"
166,1690,Owned,Extra,Old,5,"1,01,61,000"
167,1010,Rental,Extra,New,6,"1,31,49,000"
168,1060,Rental,Extra,New,4,"82,71,000"
169,4170,Owned,Hyper,New,11,"4,60,99,500"
170,1780,Rental/Cooperate,Extra,New,6,"1,15,75,000"
171,1790,Owned,Extra,New,,"3,25,78,000"
172,370,Rental,Express,New,3,"53,46,000"
173,310,Cooperate,Express,New,4,"2,20,56,500"
174,1060,Rental/Cooperate,Extra,New,7,"1,47,34,500"
175,1290,Rental/Cooperate,Extra,New,4,"1,15,34,500"
176,1420,Rental/Cooperate,Extra,New,,"1,20,30,000"
177,600,Owned,Express,New,3,"91,66,000"
178,390,Owned,Express,New,2,"1,51,32,000"
179,3340,Rental,Hyper,New,,"2,67,08,000"
180,570,Rental,Express,New,4,"23,36,000"
181,650,Rental/Cooperate,Express,New,2,"1,40,23,500"
182,2450,Rental/Cooperate,Hyper,New,4,"1,37,08,000"
183,560,Cooperate,Express,New,3,"51,74,000"
184,3430,Owned,Hyper,New,4,"4,49,37,500"
185,1110,Owned,Extra,New,4,"2,52,05,000"
186,1200,Cooperate,Extra,New,5,"3,95,88,500"
187,450,Rental/Cooperate,Express,New,4,"38,21,500"
188,650,Owned,Express,New,4,"23,36,000"
189,410,Rental,Express,Old,3,"93,81,500"
190,1500,Rental,Extra,New,4,"2,57,93,000"
191,1370,Rental,Extra,New,8,"2,83,10,500"
192,1500,Rental/Cooperate,Extra,New,5,"1,71,80,000"
193,480,Rental/Cooperate,Express,New,3,"80,74,000"
194,610,Rental,Express,New,,"2,30,52,000"
195,3600,Rental/Cooperate,Hyper,New,8,"7,02,83,500"
196,2700,Rental,Hyper,New,4,"2,60,97,500"
197,220,Cooperate,Express,Old,2,"1,07,10,500"
198,1830,Rental,Extra,Old,6,"2,12,07,500"
199,3570,Cooperate,Hyper,New,4,"5,09,71,500"
200,700,Rental/Cooperate,Express,New,1,"1,74,62,500"
201,620,Owned,Express,New,2,"1,43,96,500"
202,1950,Owned,Extra,New,6,"2,82,17,500"
203,1300,Rental,Extra,New,4,"3,69,49,000"
204,400,Cooperate,Express,New,3,"77,34,000"
205,3320,Owned,Hyper,New,9,"6,70,10,000"
206,2630,Rental,Hyper,New,8,"2,66,84,000"
207,2670,Rental,Hyper,New,9,"6,13,99,000"
208,1180,Cooperate,Extra,Old,7,"4,48,28,500"
209,1510,Rental,Extra,New,9,"1,28,87,500"
210,1100,Owned,Extra,New,2,"4,69,35,000"
211,670,Cooperate,Express,New,3,"1,22,79,500"
212,2200,Cooperate,Hyper,New,14,"4,88,43,500"
213,1440,Cooperate,Extra,Old,,"3,53,80,500"
214,640,Cooperate,Express,Old,3,"58,57,000"
215,1530,Rental,Extra,New,9,"4,46,75,500"
216,4100,Rental,Hyper,New,7,"2,64,67,000"
217,530,Cooperate,Express,New,3,"1,71,65,000"
218,250,Rental,Express,New,4,"96,51,500"
219,480,Owned,Express,Old,2,"23,36,000"
220,700,Rental/Cooperate,Express,New,3,"28,60,000"
221,320,Owned,Express,New,2,"2,06,14,000"
222,2800,Cooperate,Hyper,New,5,"4,13,44,000"
223,510,Rental,Express,New,1,"1,02,74,000"
224,520,Cooperate,Express,New,3,"2,16,93,500"
225,1690,Owned,Extra,New,5,"78,96,500"
226,4790,Owned,Hyper,Old,9,"4,65,37,500"
227,550,Rental,Express,New,3,"97,33,500"
228,450,Rental,Express,New,2,"1,04,03,000"
229,460,Cooperate,Express,New,2,"1,12,38,500"
230,1350,Rental,Extra,New,8,"30,65,500"
231,1680,Cooperate,Extra,New,8,"30,65,500"
232,1320,Owned,Extra,New,5,"33,81,500"
233,1220,Owned,Extra,New,4,"5,07,78,000"
234,720,Owned,Express,New,4,"1,49,30,000"
235,1130,Rental/Cooperate,Extra,New,5,"3,18,35,000"
236,2130,Rental,Hyper,New,10,"4,14,52,500"
237,490,Owned,Express,Old,4,"1,32,65,500"
238,2730,Cooperate,Hyper,New,11,"2,46,38,000"
239,3420,Cooperate,Hyper,New,10,"4,00,68,000"
240,620,Rental,Express,New,2,"1,61,44,000"
241,1360,Rental,Extra,New,5,"4,02,29,500"
242,430,Owned,Express,New,1,"23,36,000"
243,1560,Rental/Cooperate,Extra,New,,"52,87,500"
244,4210,Rental/Cooperate,Hyper,New,4,"8,01,88,000"
245,590,Rental/Cooperate,Express,New,3,"73,30,000"
246,630,Rental/Cooperate,Express,New,3,"1,72,19,500"
247,1440,Cooperate,Extra,Old,6,"1,90,40,000"
248,1400,Owned,Extra,New,,"2,91,11,000"
249,1000,Rental,Extra,Old,,"42,71,500"
250,690,Rental,Express,Old,3,"94,96,000"
251,560,Cooperate,Express,New,3,"73,61,000"
252,420,Rental,Express,New,3,"47,29,500"
253,3270,Rental,Hyper,New,4,"6,68,42,000"
254,1530,Owned,Extra,New,6,"3,92,34,500"
255,860,Rental,Express,New,4,"23,36,000"
256,330,Owned,Express,Old,2,"1,07,56,500"
257,650,Rental/Cooperate,Express,New,2,"1,17,20,500"
258,420,Owned,Express,New,2,"23,36,000"
259,1180,Owned,Extra,New,3,"98,56,000"
260,750,Owned,Express,New,,"49,03,500"
261,1950,Rental,Extra,New,6,"2,72,66,500"
262,2380,Rental,Hyper,New,10,"3,47,46,500"
263,3070,Owned,Hyper,New,14,"4,43,38,000"
264,1700,Rental,Extra,Old,,"1,39,46,500"
265,1400,Rental,Extra,New,9,"1,50,89,500"
266,4250,Owned,Hyper,New,10,"3,50,09,500"
267,670,Owned,Express,New,4,"1,43,30,500"
268,270,Rental/Cooperate,Express,New,2,"91,14,500"
269,1390,Owned,Extra,New,7,"2,71,59,500"
270,1080,Cooperate,Extra,New,6,"3,36,53,000"
271,660,Owned,Express,New,4,"1,56,03,500"
272,640,Owned,Express,New,3,"23,36,000"
273,630,Owned,Express,Old,,"1,18,46,000"
274,3180,Owned,Hyper,New,5,"2,46,38,000"
275,3720,Rental,Hyper,New,8,"5,98,89,000"
276,560,Owned,Express,New,3,"1,62,29,500"
277,1280,Cooperate,Extra,New,6,"1,75,60,000"
278,1300,Rental,Extra,New,5,"2,78,26,000"
279,1290,Owned,Extra,New,8,"1,10,75,000"
280,520,Cooperate,Express,New,2,"1,92,81,500"
281,3120,Rental/Cooperate,Hyper,New,11,"1,65,48,000"
282,1480,Owned,Extra,Old,7,"2,57,28,500"
283,750,Owned,Express,New,2,"1,90,56,000"
284,970,Owned,Express,Old,2,"79,26,500"
285,820,Owned,Express,New,,"2,00,77,000"
286,1280,Owned,Extra,New,5,"2,02,67,500"
287,310,Cooperate,Express,New,2,"45,75,000"
288,420,Owned,Express,New,3,"1,20,05,000"
289,1800,Owned,Extra,New,4,"3,92,59,000"
290,520,Owned,Express,New,3,"1,46,48,500"
291,350,Owned,Express,New,3,"1,15,98,500"
292,1530,Owned,Extra,New,6,"6,13,23,500"
293,440,Owned,Express,New,2,"68,61,000"
294,460,Owned,Express,New,2,"1,77,34,000"
295,810,Rental,Express,New,2,"56,05,500"
296,3320,Cooperate,Hyper,New,7,"5,89,17,500"
297,590,Owned,Express,Old,1,"1,98,85,000"
298,1860,Rental,Extra,New,4,"1,86,78,500"
299,610,Owned,Express,New,3,"1,45,51,000"
300,1910,Cooperate,Extra,Old,,"2,18,40,000"
301,2430,Owned,Hyper,New,5,"3,16,40,500"
302,550,Owned,Express,New,5,"74,94,000"
303,600,Rental,Express,New,3,"1,77,30,000"
304,4750,Rental,Hyper,New,7,"3,64,70,000"
305,3720,Owned,Hyper,New,10,"8,31,93,000"
306,1560,Cooperate,Extra,New,5,"3,33,54,000"
307,3760,Rental,Hyper,New,10,"5,64,04,500"
308,750,Rental/Cooperate,Express,New,4,"1,88,92,500"
309,1570,Cooperate,Extra,New,5,"2,66,95,000"
310,770,Rental,Express,New,2,"1,28,12,000"
311,490,Rental,Express,New,3,"1,82,70,500"
312,590,Cooperate,Express,New,3,"24,40,500"
313,3510,Rental,Hyper,New,10,"8,95,24,000"
314,1330,Cooperate,Extra,Old,6,"2,82,35,000"
315,4090,Cooperate,Hyper,New,8,"5,18,39,500"
316,670,Owned,Express,New,3,"79,21,000"
317,590,Cooperate,Express,New,4,"44,40,500"
318,580,Rental,Express,New,2,"1,77,70,000"
319,280,Rental,Express,New,2,"1,28,63,000"
320,840,Rental,Express,New,3,"72,68,500"
321,900,Owned,Express,New,1,"23,36,000"
322,1520,Cooperate,Extra,Old,5,"91,75,500"
323,680,Rental,Express,New,3,"72,15,500"
324,2090,Cooperate,Hyper,New,11,"5,92,63,000"
325,2920,Owned,Hyper,New,13,"2,48,57,500"
326,2000,Cooperate,Hyper,New,7,"4,53,47,500"
327,1470,Rental,Extra,New,5,"2,97,75,000"
328,330,Rental,Express,New,4,"1,01,07,000"
329,3770,Rental,Hyper,New,9,"5,53,94,000"
330,660,Cooperate,Express,New,3,"1,44,56,000"
331,3920,Rental/Cooperate,Hyper,New,9,"6,04,39,000"
332,1390,Owned,Extra,New,8,"1,43,48,500"
333,4250,Cooperate,Hyper,New,8,"1,76,43,500"
334,580,Rental,Express,New,2,"1,56,43,500"
335,440,Owned,Express,New,2,"23,36,000"
336,1300,Owned,Extra,New,2,"30,65,500"
337,3520,Rental,Hyper,Old,10,"5,47,68,000"
338,380,Owned,Express,New,3,"1,05,78,000"
339,2180,Cooperate,Hyper,New,12,"6,38,06,500"
340,520,Cooperate,Express,Old,3,"1,18,50,000"
341,190,Cooperate,Express,New,3,"65,08,000"
342,1160,Owned,Extra,Old,5,"5,14,59,500"
343,670,Rental/Cooperate,Express,New,2,"1,40,35,500"
344,810,Owned,Express,New,4,"1,09,57,500"
345,440,Rental/Cooperate,Express,New,,"1,47,89,000"
346,3260,Cooperate,Hyper,New,11,"5,89,62,500"
347,740,Owned,Express,New,2,"1,85,04,000"
348,590,Cooperate,Express,New,,"2,30,51,500"
349,430,Owned,Express,New,5,"1,17,87,000"
350,1250,Rental,Extra,New,5,"1,96,89,000"
351,630,Owned,Express,New,3,"71,57,500"
352,550,Owned,Express,Old,5,"2,09,65,000"
353,640,Rental,Express,New,3,"1,13,20,000"
354,670,Rental,Express,New,2,"90,55,500"
355,1000,Owned,Extra,Old,,"3,04,82,500"
356,1570,Rental,Extra,Old,5,"4,81,04,000"
357,340,Rental,Express,New,1,"1,19,46,500"
358,740,Owned,Express,New,4,"78,46,500"
359,1680,Cooperate,Extra,New,5,"2,19,04,500"
360,720,Owned,Express,New,3,"23,36,000"
361,820,Cooperate,Express,New,4,"68,46,500"
362,1510,Cooperate,Extra,New,6,"2,84,04,000"
363,460,Owned,Express,New,2,"1,04,46,500"
364,770,Rental/Cooperate,Express,New,3,"83,76,000"
365,1600,Owned,Extra,New,2,"4,17,25,500"
366,240,Cooperate,Express,Old,2,"38,81,500"
367,320,Rental,Express,Old,4,"77,93,500"
368,3230,Rental,Hyper,Old,8,"5,58,00,000"
369,1430,Rental/Cooperate,Extra,New,3,"3,94,38,000"
370,1290,Owned,Extra,New,3,"1,80,72,500"
371,1790,Owned,Extra,New,7,"1,92,64,500"
372,490,Rental,Express,New,2,"2,30,60,500"
373,620,Owned,Express,Old,3,"1,67,81,500"
374,3150,Owned,Hyper,Old,8,"4,23,32,000"
375,540,Cooperate,Express,New,3,"1,49,65,500"
376,1420,Rental/Cooperate,Extra,New,7,"2,32,83,500"
377,3040,Owned,Hyper,New,4,"6,45,85,500"
378,620,Rental,Express,New,4,"23,36,000"
379,1930,Rental/Cooperate,Extra,New,5,"4,11,17,000"
380,1150,Rental,Extra,New,7,"86,93,000"
381,440,Owned,Express,New,5,"94,55,500"
382,600,Rental,Express,New,4,"1,35,74,000"
383,580,Rental/Cooperate,Express,New,3,"2,50,20,500"
384,1400,Owned,Extra,New,6,"4,02,54,000"
385,3760,Rental,Hyper,New,11,"5,90,33,500"
386,2180,Owned,Hyper,New,,"7,89,27,500"
387,1120,Rental/Cooperate,Extra,New,6,"1,31,80,000"
388,2940,Cooperate,Hyper,New,9,"5,26,86,000"
389,630,Owned,Express,New,4,"1,33,21,000"
390,510,Rental,Express,New,4,"1,77,36,500"
391,1100,Rental,Extra,New,7,"3,50,11,500"
392,2780,Cooperate,Hyper,New,12,"4,32,58,000"
393,3070,Owned,Hyper,Old,8,"4,65,70,500"
394,360,Cooperate,Express,New,1,"2,01,67,000"
395,2390,Cooperate,Hyper,New,6,"1,34,05,500"
396,440,Rental/Cooperate,Express,New,1,"2,04,52,000"
397,740,Owned,Express,New,2,"2,41,14,500"
398,730,Rental/Cooperate,Express,Old,2,"23,36,000"
399,970,Cooperate,Express,New,1,"23,36,000"
400,740,Rental,Express,New,5,"1,89,05,500"
401,3380,Owned,Hyper,New,10,"6,33,27,500"
402,1600,Cooperate,Extra,New,6,"2,60,57,000"
403,540,Owned,Express,New,2,"89,15,500"
404,1000,Cooperate,Extra,New,5,"96,65,500"
405,1140,Cooperate,Extra,New,6,"4,53,74,000"
406,1640,Cooperate,Extra,New,3,"96,49,500"
407,730,Owned,Express,New,2,"92,52,000"
408,660,Rental,Express,New,2,"1,12,32,000"
409,1080,Cooperate,Extra,Old,4,"2,92,91,000"
410,270,Rental,Express,New,3,"1,04,82,000"
411,660,Owned,Express,New,3,"1,87,84,500"
412,580,Rental,Express,New,2,"1,13,33,500"
413,650,Owned,Express,New,3,"1,08,43,500"
414,1240,Rental,Extra,New,4,"34,55,000"
415,870,Owned,Express,Old,2,"64,42,500"
416,2480,Owned,Hyper,New,,"6,41,57,500"
417,1340,Rental/Cooperate,Extra,New,8,"1,43,92,000"
418,1480,Cooperate,Extra,New,4,"5,66,71,500"
419,1110,Cooperate,Extra,New,6,"3,40,01,000"
420,1510,Owned,Extra,New,,"2,17,15,000"
421,1380,Cooperate,Extra,New,6,"2,22,89,000"
422,1650,Owned,Extra,Old,9,"1,61,32,000"
423,2030,Owned,Hyper,Old,8,"9,78,53,000"
424,410,Rental,Express,New,,"2,04,34,500"
425,860,Owned,Express,New,2,"1,40,13,500"
426,1820,Rental,Extra,New,5,"2,14,40,500"
427,450,Rental/Cooperate,Express,New,2,"67,04,000"
428,340,Cooperate,Express,New,3,"59,80,000"
429,600,Cooperate,Express,New,1,"1,25,85,000"
430,3570,Rental,Hyper,New,4,"5,37,40,000"
431,1720,Owned,Extra,New,3,"4,95,82,500"
432,3280,Cooperate,Hyper,New,7,"4,51,43,500"
433,1550,Owned,Extra,New,6,"3,25,75,500"
434,2340,Owned,Hyper,New,,"4,96,46,500"
435,2000,Owned,Hyper,New,8,"2,81,81,000"
436,420,Cooperate,Express,New,4,"1,71,47,500"
437,3410,Cooperate,Hyper,New,,"2,44,13,000"
438,500,Owned,Express,New,4,"1,14,50,000"
439,1950,Owned,Extra,New,6,"2,73,75,000"
440,500,Rental,Express,New,3,"96,85,000"
441,1590,Cooperate,Extra,New,7,"1,27,04,500"
442,320,Rental,Express,New,1,"1,36,47,500"
443,360,Owned,Express,New,1,"1,29,31,000"
444,980,Rental,Express,Old,3,"1,56,30,500"
445,570,Owned,Express,New,3,"1,61,14,000"
446,2780,Cooperate,Hyper,Old,9,"5,26,93,000"
447,440,Owned,Express,New,4,"95,50,000"
448,420,Owned,Express,New,3,"52,09,000"
449,1420,Rental/Cooperate,Extra,New,5,"4,07,82,500"
450,1530,Rental,Extra,New,5,"3,67,60,500"
451,1760,Cooperate,Extra,New,7,"2,46,49,500"
452,1080,Owned,Extra,New,,"85,17,500"
453,1330,Rental/Cooperate,Extra,New,4,"2,16,89,500"
454,3020,Rental,Hyper,New,10,"4,48,49,000"
455,640,Cooperate,Express,Old,,"1,09,86,500"
456,1000,Rental,Extra,New,4,"2,23,33,000"
457,2140,Owned,Hyper,Old,10,"7,68,74,000"
458,3840,Rental/Cooperate,Hyper,New,8,"7,60,73,500"
459,3090,Rental/Cooperate,Hyper,Old,8,"3,39,91,000"
460,500,Rental,Express,New,2,"1,16,22,500"
461,580,Rental/Cooperate,Express,New,3,"1,32,21,500"
462,3820,Cooperate,Hyper,New,11,"1,65,61,000"
463,100,Owned,Express,New,4,"23,98,500"
464,520,Cooperate,Express,New,2,"23,36,000"
465,1550,Owned,Extra,New,7,"1,58,46,500"
466,2000,Rental,Hyper,New,7,"5,40,95,000"
467,290,Owned,Express,New,3,"1,05,08,000"
468,660,Owned,Express,New,3,"47,61,500"
469,770,Cooperate,Express,New,3,"1,04,36,000"
470,1180,Owned,Extra,New,5,"1,12,22,000"
471,520,Rental,Express,Old,5,"23,68,500"
472,270,Owned,Express,Old,4,"93,44,000"
473,1240,Owned,Extra,New,7,"1,54,10,000"
474,1870,Rental,Extra,New,7,"1,71,75,500"
475,1950,Rental,Extra,New,4,"3,56,25,500"
476,610,Cooperate,Express,Old,,"1,84,10,000"
477,840,Cooperate,Express,New,3,"60,79,500"
478,640,Rental,Express,New,2,"2,26,80,000"
479,580,Owned,Express,New,2,"1,17,08,000"
480,310,Rental,Express,New,2,"1,78,02,000"
481,2530,Rental,Hyper,New,6,"5,69,92,000"
482,770,Rental,Express,New,4,"1,65,76,000"
483,420,Cooperate,Express,New,1,"1,96,08,000"
484,500,Owned,Express,New,3,"1,85,69,000"
485,3380,Owned,Hyper,Old,,"5,53,77,000"
486,950,Cooperate,Express,New,2,"1,61,67,000"
487,1420,Rental,Extra,Old,6,"4,74,21,000"
488,3340,Rental/Cooperate,Hyper,New,10,"6,77,09,000"
489,1320,Rental,Extra,New,4,"88,22,000"
490,200,Rental,Express,New,5,"39,80,500"
491,520,Owned,Express,New,3,"1,24,44,000"
492,1610,Rental,Extra,New,7,"1,57,48,000"
493,530,Owned,Express,New,3,"91,07,500"
494,1810,Owned,Extra,New,6,"3,55,17,500"
495,1580,Rental/Cooperate,Extra,New,8,"2,72,09,500"
496,320,Owned,Express,New,3,"66,91,500"
497,460,Cooperate,Express,New,3,"1,80,29,500"
498,560,Cooperate,Express,New,3,"2,08,13,000"
499,600,Cooperate,Express,New,5,"1,39,93,000"
500,1000,Cooperate,Extra,New,7,"3,02,11,500"
501,790,Cooperate,Express,New,3,"97,69,000"
502,340,Rental/Cooperate,Express,Old,3,"54,96,500"
503,1260,Rental,Extra,New,7,"4,95,42,500"
504,3260,Cooperate,Hyper,New,5,"5,51,51,000"
505,770,Owned,Express,New,2,"97,95,500"
506,1410,Cooperate,Extra,New,4,"3,42,18,500"
507,2900,Rental/Cooperate,Hyper,New,9,"2,85,09,000"
508,1300,Owned,Extra,New,7,"1,89,01,500"
509,1840,Rental/Cooperate,Extra,New,,"1,84,99,500"
510,1470,Owned,Extra,New,7,"32,18,500"
511,1000,Rental/Cooperate,Extra,New,3,"4,34,33,000"
512,1270,Rental,Extra,New,9,"1,60,30,500"
513,590,Rental/Cooperate,Express,New,4,"2,26,36,500"
514,4430,Owned,Hyper,Old,11,"6,67,40,500"
515,660,Rental,Express,New,4,"72,92,500"
516,1210,Cooperate,Extra,New,5,"2,19,41,500"
517,480,Owned,Express,New,3,"1,63,31,500"
518,570,Rental/Cooperate,Express,New,4,"37,49,500"
519,2850,Rental,Hyper,New,7,"1,34,05,500"
520,540,Owned,Express,New,3,"1,96,80,500"
521,1570,Rental,Extra,New,4,"5,23,05,500"
522,780,Cooperate,Express,New,3,"92,41,000"
523,1170,Owned,Extra,New,5,"4,08,25,500"
524,1880,Rental,Extra,New,8,"1,71,61,500"
525,360,Cooperate,Express,New,3,"23,36,000"
526,1490,Cooperate,Extra,New,,"2,22,80,000"
527,2660,Rental/Cooperate,Hyper,New,4,"5,65,31,000"
528,460,Cooperate,Express,New,2,"23,36,000"
529,550,Rental,Express,New,5,"2,05,67,500"
530,1300,Rental,Extra,New,4,"3,15,26,000"
531,380,Rental,Express,New,3,"1,51,96,000"
532,780,Rental/Cooperate,Express,New,3,"93,77,500"
533,1190,Cooperate,Extra,Old,4,"2,10,97,000"
534,620,Owned,Express,New,4,"57,80,500"
535,4030,Owned,Hyper,New,8,"4,58,31,500"
536,420,Rental,Express,Old,1,"1,59,04,000"
537,1600,Cooperate,Extra,New,5,"2,54,99,000"
538,1540,Owned,Extra,New,3,"1,65,58,500"
539,700,Owned,Express,New,2,"1,23,61,000"
540,310,Cooperate,Express,New,3,"1,03,86,000"
541,270,Rental,Express,New,4,"61,92,000"
542,2420,Rental/Cooperate,Hyper,New,,"5,02,70,500"
543,760,Rental/Cooperate,Express,Old,2,"1,09,70,000"
544,630,Rental/Cooperate,Express,New,3,"1,16,58,500"
545,1320,Cooperate,Extra,New,4,"2,57,86,500"
546,360,Owned,Express,New,1,"1,32,19,000"
547,720,Rental/Cooperate,Express,New,1,"45,41,500"
548,670,Rental/Cooperate,Express,New,5,"1,07,24,500"
549,2480,Owned,Hyper,New,8,"7,37,56,500"
550,440,Cooperate,Express,Old,2,"77,03,500"
551,2320,Owned,Hyper,New,9,"7,87,52,500"
552,1490,Rental,Extra,Old,5,"2,01,17,000"
553,1020,Cooperate,Extra,New,7,"2,33,26,500"
554,2860,Cooperate,Hyper,New,14,"5,22,34,000"
555,1220,Cooperate,Extra,New,5,"4,17,21,000"
556,580,Owned,Express,New,1,"1,61,15,000"
557,440,Owned,Express,New,5,"1,70,80,000"
558,1300,Rental,Extra,New,8,"2,55,12,000"
559,710,Rental,Express,New,3,"55,21,500"
560,440,Rental,Express,New,4,"85,91,000"
561,2700,Rental/Cooperate,Hyper,New,6,"5,47,31,000"
562,930,Owned,Express,New,2,"1,07,45,000"
563,810,Rental,Express,New,3,"1,33,14,000"
564,360,Owned,Express,New,3,"94,77,000"
565,1660,Owned,Extra,New,8,"6,33,37,500"
566,3390,Owned,Hyper,New,9,"5,01,46,500"
567,490,Owned,Express,New,3,"88,27,500"
568,3100,Owned,Hyper,New,12,"2,61,28,000"
569,760,Owned,Express,Old,4,"98,91,500"
570,180,Cooperate,Express,New,2,"1,83,81,500"
571,550,Rental,Express,New,2,"75,71,000"
572,710,Rental,Express,New,3,"91,66,000"
573,1320,Rental,Extra,Old,5,"1,06,58,000"
574,1810,Rental,Extra,New,5,"4,27,51,500"
575,4050,Cooperate,Hyper,New,11,"3,76,26,500"
576,1510,Owned,Extra,New,5,"1,09,38,500"
577,3210,Owned,Hyper,Old,5,"7,00,12,500"
578,470,Rental,Express,Old,3,"1,22,99,500"
579,1350,Cooperate,Extra,New,7,"1,73,70,500"
580,1630,Cooperate,Extra,New,3,"2,63,90,000"
581,1900,Rental,Extra,New,,"94,89,000"
582,2510,Cooperate,Hyper,New,10,"4,98,50,500"
583,3230,Rental,Hyper,New,10,"5,89,53,500"
584,1690,Rental,Extra,New,6,"2,08,75,500"
585,680,Rental,Express,New,5,"98,04,000"
586,1170,Owned,Extra,New,7,"2,26,88,500"
587,160,Rental/Cooperate,Express,New,4,"73,88,000"
588,540,Owned,Express,New,3,"1,17,43,000"
589,1590,Rental,Extra,New,5,"3,21,90,500"
590,510,Owned,Express,New,4,"1,42,92,000"
591,2330,Cooperate,Hyper,New,11,"3,55,40,000"
592,3550,Owned,Hyper,New,9,"8,30,22,500"
593,1360,Rental/Cooperate,Extra,New,5,"2,42,03,000"
594,500,Cooperate,Express,New,,"1,53,99,500"
595,1010,Owned,Extra,New,4,"84,77,000"
596,1650,Owned,Extra,New,9,"2,29,27,500"
597,530,Owned,Express,Old,3,"1,75,71,000"
598,390,Rental,Express,New,3,"1,64,51,000"
599,1540,Cooperate,Extra,New,6,"3,95,10,000"
600,1000,Rental,Extra,New,7,"1,46,83,000"
601,2000,Cooperate,Hyper,New,10,"7,37,32,000"
602,530,Owned,Express,New,4,"2,02,73,500"
603,790,Cooperate,Express,New,4,"1,50,52,500"
604,570,Rental,Express,New,1,"91,23,500"
605,1200,Cooperate,Extra,Old,9,"2,18,56,000"
606,1440,Owned,Extra,New,6,"2,51,48,000"
607,860,Rental,Express,New,2,"1,17,67,500"
608,2470,Rental/Cooperate,Hyper,New,5,"3,40,23,500"
609,1400,Rental,Extra,New,5,"1,41,08,000"
610,300,Owned,Express,New,3,"23,36,000"
611,690,Rental,Express,New,3,"23,36,000"
612,1330,Cooperate,Extra,New,4,"2,92,82,000"
613,800,Cooperate,Express,New,1,"1,12,90,000"
614,2870,Owned,Hyper,New,10,"5,05,23,000"
615,2460,Owned,Hyper,New,8,"3,03,38,500"
616,750,Rental/Cooperate,Express,New,3,"2,20,07,000"
617,2940,Rental,Hyper,Old,7,"1,59,84,500"
618,230,Cooperate,Express,New,1,"1,22,02,500"
619,1540,Cooperate,Extra,New,3,"3,79,19,500"
620,470,Owned,Express,New,3,"2,02,73,000"
621,720,Rental,Express,New,3,"52,52,500"
622,170,Owned,Express,New,2,"93,33,000"
623,1160,Owned,Extra,Old,5,"2,56,47,000"
624,2830,Rental/Cooperate,Hyper,Old,7,"4,96,32,000"
625,3300,Owned,Hyper,New,6,"7,44,77,500"
626,1390,Cooperate,Extra,New,6,"3,51,17,500"
627,600,Rental,Express,New,4,"1,23,22,500"
628,2560,Owned,Hyper,New,9,"2,33,84,500"
629,3060,Rental,Hyper,Old,8,"4,20,96,500"
630,530,Cooperate,Express,New,1,"73,07,500"
631,570,Cooperate,Express,New,,"1,15,59,000"
632,1150,Owned,Extra,New,8,"1,15,01,500"
633,730,Cooperate,Express,New,3,"67,22,500"
634,1850,Rental,Extra,New,3,"3,82,81,500"
635,740,Owned,Express,New,2,"1,89,54,500"
636,510,Cooperate,Express,New,,"1,23,32,000"
637,3170,Owned,Hyper,New,8,"6,24,75,000"
638,1610,Owned,Extra,Old,2,"4,40,59,000"
639,1000,Owned,Extra,New,7,"4,13,94,500"
640,360,Rental,Express,New,2,"39,65,500"
641,520,Cooperate,Express,New,,"87,51,500"
642,1600,Owned,Extra,New,8,"4,54,29,500"
643,460,Cooperate,Express,New,3,"23,36,000"
644,410,Owned,Express,New,4,"2,02,93,500"
645,1100,Owned,Extra,New,4,"2,40,98,000"
646,610,Cooperate,Express,New,2,"1,31,44,000"
647,2650,Owned,Hyper,New,,"4,59,70,000"
648,1550,Rental,Extra,New,6,"1,79,48,500"
649,540,Rental,Express,New,3,"83,79,500"
650,510,Owned,Express,New,4,"1,39,65,500"
651,500,Rental/Cooperate,Express,New,3,"85,97,000"
652,770,Owned,Express,New,3,"99,56,000"
653,1520,Cooperate,Extra,New,3,"75,92,500"
654,1110,Owned,Extra,New,6,"5,04,82,000"
655,1950,Owned,Extra,New,7,"3,20,07,000"
656,2000,Rental,Hyper,New,7,"3,05,03,500"
657,1260,Rental,Extra,Old,5,"1,74,13,000"
658,2000,Owned,Hyper,New,10,"2,48,04,000"
659,600,Cooperate,Express,New,5,"50,83,500"
660,1000,Owned,Extra,New,5,"4,10,08,500"
661,910,Owned,Express,New,2,"1,35,80,000"
662,1290,Rental,Extra,New,5,"6,41,59,500"
663,290,Rental,Express,New,3,"1,34,06,000"
664,750,Rental,Express,New,3,"1,24,48,000"
665,1310,Rental,Extra,New,6,"1,93,46,500"
666,1570,Owned,Extra,New,5,"3,01,50,500"
667,2960,Owned,Hyper,New,11,"4,52,31,000"
668,240,Rental,Express,New,4,"51,65,500"
669,1250,Owned,Extra,New,4,"4,51,10,500"
670,170,Rental/Cooperate,Express,New,5,"1,69,36,000"
671,1470,Owned,Extra,New,5,"2,87,77,500"
672,650,Rental/Cooperate,Express,New,,"1,44,71,000"
673,3370,Owned,Hyper,New,9,"4,23,12,500"
674,1370,Owned,Extra,New,5,"4,15,00,500"
675,1560,Rental,Extra,New,2,"3,43,32,500"
676,590,Rental,Express,New,3,"82,68,500"
677,1690,Owned,Extra,New,7,"1,29,01,000"
678,1510,Rental,Extra,New,4,"38,00,000"
679,2550,Rental,Hyper,Old,11,"6,53,21,500"
680,650,Owned,Express,New,4,"1,36,97,000"
681,440,Owned,Express,New,3,"1,54,02,000"
682,3510,Owned,Hyper,New,11,"6,04,25,000"
683,3230,Owned,Hyper,New,11,"4,57,28,500"
684,2370,Owned,Hyper,New,,"4,29,97,500"
685,420,Rental,Express,New,2,"97,32,500"
686,410,Rental,Express,New,2,"23,36,000"
687,600,Rental/Cooperate,Express,New,3,"56,97,000"
688,680,Rental,Express,New,4,"23,36,000"
689,2450,Rental/Cooperate,Hyper,Old,,"3,08,76,000"
690,1180,Cooperate,Extra,New,7,"2,15,86,500"
691,1340,Owned,Extra,New,,"30,65,500"
692,3430,Cooperate,Hyper,New,5,"4,74,57,500"
693,3180,Rental,Hyper,New,12,"2,00,82,500"
694,2000,Owned,Hyper,New,9,"8,22,69,500"
695,3850,Owned,Hyper,New,9,"3,64,26,500"
696,3550,Owned,Hyper,New,6,"5,57,86,000"
697,3340,Cooperate,Hyper,New,11,"10,00,83,000"
698,630,Owned,Express,New,2,"1,04,46,500"
699,1000,Owned,Extra,New,4,"1,83,55,000"
700,460,Rental,Express,Old,3,"56,65,000"
701,760,Owned,Express,New,3,"1,05,44,000"
702,1330,Cooperate,Extra,New,,"2,68,22,000"
703,3560,Owned,Hyper,New,6,"3,30,96,500"
704,500,Rental,Express,New,1,"56,84,000"
705,2650,Owned,Hyper,New,11,"5,15,10,500"
706,1460,Owned,Extra,New,7,"2,24,33,500"
707,630,Owned,Express,New,3,"1,21,92,000"
708,450,Cooperate,Express,New,1,"97,94,000"
709,1770,Rental,Extra,New,7,"3,89,75,000"
710,780,Owned,Express,Old,3,"1,17,83,500"
711,440,Rental/Cooperate,Express,New,2,"1,42,94,500"
712,770,Rental,Express,New,3,"78,98,500"
713,2990,Rental,Hyper,New,10,"1,73,82,000"
714,140,Owned,Express,New,2,"32,75,500"
715,2630,Owned,Hyper,New,8,"3,71,94,000"
716,820,Rental,Express,New,,"1,25,60,000"
717,610,Owned,Express,New,3,"37,67,000"
718,1670,Cooperate,Extra,New,5,"3,45,51,500"
719,2240,Cooperate,Hyper,New,5,"6,26,17,000"
720,1500,Rental/Cooperate,Extra,New,4,"1,14,49,000"
721,760,Owned,Express,New,2,"2,04,56,000"
722,2360,Owned,Hyper,Old,10,"3,96,86,500"
723,1560,Rental/Cooperate,Extra,Old,5,"2,20,52,000"
724,1420,Owned,Extra,New,4,"3,56,06,500"
725,460,Rental/Cooperate,Express,New,3,"46,33,500"
726,2000,Rental,Hyper,New,8,"9,45,11,500"
727,700,Rental,Express,New,3,"90,22,500"
728,3000,Owned,Hyper,New,10,"2,26,43,000"
729,1690,Rental,Extra,New,7,"3,52,67,000"
730,3290,Rental,Hyper,New,8,"5,97,16,500"
731,660,Owned,Express,New,2,"71,58,000"
732,580,Rental/Cooperate,Express,New,4,"31,65,000"
733,1040,Rental/Cooperate,Extra,New,6,"2,52,57,500"
734,590,Rental,Express,Old,3,"92,60,500"
735,4030,Cooperate,Hyper,Old,4,"2,96,89,000"
736,2910,Rental,Hyper,New,4,"4,27,42,000"
737,860,Owned,Express,Old,3,"1,19,84,000"
738,2100,Cooperate,Hyper,New,7,"3,87,55,000"
739,1330,Rental/Cooperate,Extra,New,8,"3,28,59,500"
740,1130,Owned,Extra,New,6,"3,19,67,500"
741,760,Cooperate,Express,Old,4,"45,09,000"
742,410,Rental/Cooperate,Express,Old,,"30,54,500"
743,1350,Rental/Cooperate,Extra,Old,6,"3,93,04,000"
744,1390,Rental/Cooperate,Extra,New,5,"2,67,70,500"
745,410,Rental/Cooperate,Express,New,5,"23,36,000"
746,590,Cooperate,Express,New,5,"1,06,40,500"
747,520,Owned,Express,New,,"84,55,000"
748,520,Owned,Express,New,4,"23,36,000"
749,1790,Rental/Cooperate,Extra,Old,3,"2,04,94,500"
750,480,Rental,Express,New,3,"23,36,000"
751,3310,Cooperate,Hyper,New,13,"1,89,95,500"
752,590,Cooperate,Express,New,2,"1,31,55,000"
753,3000,Owned,Hyper,New,7,"5,60,16,500"
754,1860,Rental,Extra,Old,,"2,16,30,500"
755,1590,Rental,Extra,New,,"50,95,000"
756,2320,Owned,Hyper,Old,10,"7,59,41,500"
757,620,Owned,Express,New,2,"1,05,95,500"
758,1100,Cooperate,Extra,New,7,"3,77,29,000"
759,480,Owned,Express,New,2,"1,21,95,000"
760,480,Rental,Express,New,3,"2,31,98,000"
761,1350,Rental,Extra,New,,"1,91,19,000"
762,440,Owned,Express,New,4,"95,12,500"
763,440,Rental,Express,New,4,"1,91,17,500"
764,450,Rental,Express,New,1,"1,66,45,000"
765,430,Rental,Express,New,4,"23,36,000"
766,720,Owned,Express,New,2,"1,49,84,500"
767,1410,Owned,Extra,New,4,"1,83,88,500"
768,3470,Rental,Hyper,New,9,"5,79,47,500"
769,4370,Rental,Hyper,New,4,"7,86,03,500"
770,1440,Rental/Cooperate,Extra,New,,"1,10,12,500"
771,2050,Cooperate,Hyper,New,8,"6,46,92,000"
772,2900,Cooperate,Hyper,New,12,"1,72,35,500"
773,1410,Owned,Extra,Old,3,"2,99,48,500"
774,3610,Owned,Hyper,New,7,"1,34,05,500"
775,590,Rental/Cooperate,Express,New,3,"1,30,25,500"
776,780,Rental/Cooperate,Express,Old,,"41,73,500"
777,680,Rental,Express,New,4,"23,36,000"
778,610,Rental/Cooperate,Express,New,2,"1,01,10,500"
779,1500,Rental,Extra,New,5,"1,43,58,500"
780,1420,Cooperate,Extra,Old,4,"82,07,000"
781,1580,Owned,Extra,New,3,"3,44,89,000"
782,640,Rental,Express,New,1,"65,34,500"
783,1710,Owned,Extra,New,4,"1,75,28,000"
784,1530,Cooperate,Extra,New,7,"2,07,21,000"
785,450,Owned,Express,New,4,"2,10,33,000"
786,3670,Owned,Hyper,New,9,"3,00,93,500"
787,410,Rental,Express,New,,"1,37,35,000"
788,3280,Owned,Hyper,Old,12,"5,92,68,000"
789,2000,Owned,Hyper,New,11,"2,62,98,000"
790,490,Owned,Express,New,3,"2,25,74,000"
791,1950,Cooperate,Extra,New,7,"2,17,46,000"
792,650,Owned,Express,New,4,"86,76,000"
793,4240,Rental/Cooperate,Hyper,New,9,"5,62,14,000"
794,3450,Cooperate,Hyper,New,9,"6,30,38,000"
795,2550,Cooperate,Hyper,New,7,"2,42,56,000"
796,1520,Cooperate,Extra,New,,"3,61,78,000"
797,640,Rental,Express,New,4,"1,05,66,000"
798,1580,Rental,Extra,New,4,"1,86,87,500"
799,1580,Cooperate,Extra,New,7,"2,00,84,500"
800,540,Rental,Express,Old,1,"84,57,500"
801,1630,Cooperate,Extra,New,7,"3,20,04,000"
802,560,Cooperate,Express,New,,"1,06,42,000"
803,2520,Cooperate,Hyper,New,,"6,02,35,500"
804,630,Cooperate,Express,New,3,"74,43,500"
805,1000,Rental,Extra,New,7,"1,73,11,500"
806,400,Rental,Express,New,3,"82,47,500"
807,750,Owned,Express,New,3,"1,47,01,000"
808,2030,Rental,Hyper,New,11,"5,14,84,000"
809,490,Owned,Express,New,3,"23,36,000"
810,1510,Cooperate,Extra,New,4,"42,04,000"
811,2000,Owned,Hyper,New,11,"3,36,74,000"
812,4060,Cooperate,Hyper,New,7,"1,34,05,500"
813,1130,Cooperate,Extra,New,8,"2,21,55,500"
814,2600,Owned,Hyper,New,9,"5,62,94,500"
815,760,Cooperate,Express,New,4,"84,41,000"
816,1080,Owned,Extra,New,5,"2,83,98,500"
817,2310,Cooperate,Hyper,New,6,"5,31,35,000"
818,2950,Rental/Cooperate,Hyper,New,,"4,69,15,000"
819,420,Owned,Express,New,3,"50,54,500"
820,720,Cooperate,Express,New,,"1,68,11,500"
821,220,Cooperate,Express,New,2,"23,36,000"
822,440,Owned,Express,New,3,"23,36,000"
823,1180,Cooperate,Extra,New,4,"2,76,03,000"
824,570,Rental/Cooperate,Express,New,2,"1,16,60,500"
825,460,Owned,Express,New,3,"2,06,40,500"
826,800,Owned,Express,New,2,"1,55,78,000"
827,3550,Rental,Hyper,New,6,"6,26,34,500"
828,4060,Rental,Hyper,New,6,"2,79,09,000"
829,1660,Owned,Extra,New,6,"3,27,66,500"
830,620,Cooperate,Express,New,3,"26,41,000"
831,740,Rental,Express,New,4,"92,23,500"
832,2960,Rental,Hyper,New,5,"5,65,44,000"
833,660,Owned,Express,New,3,"1,73,46,000"
834,500,Cooperate,Express,New,3,"44,82,000"
835,1400,Owned,Extra,New,5,"2,78,74,000"
836,1320,Owned,Extra,New,5,"3,68,85,000"
837,480,Cooperate,Express,New,1,"2,10,97,500"
838,3950,Rental/Cooperate,Hyper,New,5,"6,00,53,000"
839,470,Owned,Express,Old,3,"1,23,65,000"
840,510,Owned,Express,New,2,"64,56,500"
841,1180,Rental,Extra,New,4,"2,34,86,500"
842,1230,Owned,Extra,Old,7,"4,68,03,000"
843,1260,Owned,Extra,Old,6,"3,19,89,500"
844,1530,Owned,Extra,New,6,"3,56,34,500"
845,640,Rental,Express,New,2,"1,58,14,500"
846,1630,Cooperate,Extra,New,4,"2,50,63,000"
847,1580,Owned,Extra,New,5,"4,05,89,000"
848,4640,Owned,Hyper,New,6,"1,86,38,000"
849,610,Owned,Express,New,4,"92,14,500"
850,820,Rental,Express,New,1,"1,47,57,500"
851,450,Owned,Express,New,5,"2,25,55,000"
852,2450,Owned,Hyper,New,7,"6,34,51,000"
853,2720,Cooperate,Hyper,New,8,"4,67,67,000"
854,210,Rental,Express,New,3,"64,61,500"
855,470,Owned,Express,Old,4,"30,60,500"
856,700,Owned,Express,New,,"89,26,000"
857,510,Cooperate,Express,New,4,"1,26,40,000"
858,660,Cooperate,Express,New,4,"86,12,000"
859,1260,Owned,Extra,New,4,"1,21,13,000"
860,1950,Rental/Cooperate,Extra,New,8,"42,28,000"
861,320,Rental,Express,Old,3,"1,38,83,500"
862,660,Cooperate,Express,New,3,"98,47,000"
863,3220,Owned,Hyper,New,,"4,79,77,000"
864,2000,Owned,Hyper,New,8,"2,92,31,000"
865,3110,Cooperate,Hyper,New,14,"5,36,08,500"
866,500,Owned,Express,New,4,"1,34,96,000"
867,3280,Owned,Hyper,Old,10,"8,73,90,000"
868,350,Owned,Express,New,3,"50,41,500"
869,1550,Cooperate,Extra,New,4,"1,82,33,500"
870,1340,Rental/Cooperate,Extra,New,7,"3,82,71,000"
871,1100,Cooperate,Extra,New,6,"1,38,50,500"
872,330,Owned,Express,New,3,"87,49,000"
873,4680,Rental,Hyper,Old,,"5,49,18,000"
874,1070,Owned,Extra,New,4,"3,98,15,000"
875,4450,Owned,Hyper,New,4,"1,34,05,500"
876,4300,Owned,Hyper,New,9,"2,88,93,000"
877,650,Owned,Express,New,1,"1,06,20,000"
878,620,Cooperate,Express,New,4,"45,16,500"
879,1430,Cooperate,Extra,New,4,"2,83,25,000"
880,1190,Owned,Extra,New,5,"95,57,000"
881,1570,Owned,Extra,New,7,"2,09,75,000"
882,1420,Rental/Cooperate,Extra,New,,"30,65,500"
883,500,Rental,Express,New,3,"2,63,24,500"
884,1130,Cooperate,Extra,New,8,"3,94,47,000"
885,1480,Owned,Extra,New,9,"3,00,75,500"
886,3260,Owned,Hyper,New,8,"7,07,30,500"
887,750,Owned,Express,New,2,"26,84,500"
888,1360,Owned,Extra,New,4,"2,35,41,500"
889,3850,Rental,Hyper,New,7,"4,54,02,500"
890,1420,Owned,Extra,New,7,"30,65,500"
891,2560,Rental,Hyper,New,9,"7,02,60,500"
892,1290,Rental/Cooperate,Extra,New,2,"3,37,90,000"
893,1250,Owned,Extra,Old,3,"1,51,29,000"
894,1360,Rental,Extra,Old,4,"30,65,500"
895,1640,Cooperate,Extra,New,8,"3,42,67,000"
896,1130,Rental/Cooperate,Extra,New,5,"2,43,96,500"
897,3400,Rental/Cooperate,Hyper,New,10,"3,15,75,500"
898,3040,Rental/Cooperate,Hyper,New,10,"7,53,75,500"
899,680,Cooperate,Express,New,4,"1,11,02,500"
900,1760,Cooperate,Extra,New,6,"1,15,78,000"
901,1760,Owned,Extra,New,7,"1,78,48,500"
902,470,Cooperate,Express,Old,3,"1,33,79,000"
903,3120,Rental,Hyper,New,9,"8,02,58,000"
904,750,Rental,Express,New,3,"1,62,47,500"
905,1150,Rental,Extra,New,6,"5,16,33,500"
906,520,Cooperate,Express,New,2,"66,87,000"
907,360,Owned,Express,New,2,"83,76,500"
908,1060,Owned,Extra,New,6,"3,80,28,500"
909,2350,Cooperate,Hyper,New,12,"5,64,75,000"
910,740,Cooperate,Express,New,2,"1,57,27,000"
911,1140,Cooperate,Extra,New,7,"2,70,71,500"
912,660,Cooperate,Express,New,2,"52,29,500"
913,1560,Rental/Cooperate,Extra,New,4,"3,14,42,000"
914,2030,Owned,Hyper,New,,"6,32,22,500"
915,340,Rental,Express,New,3,"1,43,53,500"
916,2500,Rental/Cooperate,Hyper,New,10,"5,14,68,000"
917,1280,Rental,Extra,New,4,"30,65,500"
918,3230,Owned,Hyper,New,4,"4,81,66,000"
919,510,Owned,Express,New,3,"87,87,500"
920,500,Rental,Express,New,4,"1,26,10,000"
921,610,Owned,Express,New,3,"23,36,000"
922,690,Owned,Express,New,3,"44,99,500"
923,1350,Cooperate,Extra,New,5,"2,24,76,500"
924,620,Cooperate,Express,New,4,"1,70,90,500"
925,320,Owned,Express,New,3,"1,85,73,500"
926,1510,Owned,Extra,New,7,"5,46,78,000"
927,740,Rental,Express,New,3,"1,68,70,500"
928,1450,Rental/Cooperate,Extra,New,6,"1,92,23,000"
929,840,Cooperate,Express,New,2,"1,97,94,000"
930,1540,Rental,Extra,Old,3,"3,00,09,000"
931,180,Rental/Cooperate,Express,Old,3,"1,59,11,000"
932,1260,Owned,Extra,Old,6,"5,38,06,500"
933,460,Cooperate,Express,New,,"42,46,500"
934,4020,Owned,Hyper,New,13,"4,63,33,000"
935,740,Rental/Cooperate,Express,New,,"1,86,48,500"
936,420,Cooperate,Express,New,2,"1,79,85,000"
937,860,Owned,Express,New,3,"53,21,000"
938,4380,Cooperate,Hyper,New,7,"3,95,56,500"
939,1500,Owned,Extra,New,8,"3,73,04,000"
940,630,Owned,Express,New,3,"1,08,61,000"
941,1550,Owned,Extra,New,2,"2,00,45,000"
942,1470,Rental,Extra,New,3,"3,02,89,000"
943,1360,Cooperate,Extra,New,9,"4,80,89,500"
944,1290,Cooperate,Extra,New,5,"2,33,85,000"
945,480,Cooperate,Express,New,,"1,17,70,000"
946,1220,Rental,Extra,New,3,"3,38,35,000"
947,1570,Rental,Extra,New,4,"3,79,24,500"
948,2540,Rental,Hyper,Old,9,"6,26,66,000"
949,1400,Rental/Cooperate,Extra,New,6,"1,67,47,500"
950,520,Rental/Cooperate,Express,New,3,"61,20,500"
951,520,Owned,Express,New,1,"76,53,000"
952,2790,Owned,Hyper,New,8,"4,14,29,000"
953,540,Rental,Express,New,3,"1,58,47,000"
954,440,Owned,Express,New,2,"43,47,500"
955,470,Cooperate,Express,New,2,"59,80,000"
956,2080,Rental/Cooperate,Hyper,New,7,"4,98,87,500"
957,660,Owned,Express,New,2,"81,22,000"
958,1180,Owned,Extra,New,5,"1,17,67,500"
959,660,Rental,Express,Old,1,"84,42,000"
960,610,Rental,Express,New,3,"2,67,58,000"
961,1500,Rental,Extra,New,4,"2,30,62,000"
962,240,Owned,Express,New,3,"56,01,500"
963,720,Cooperate,Express,New,2,"98,99,000"
964,2540,Rental,Hyper,New,13,"3,98,34,000"
965,1870,Owned,Extra,New,7,"3,17,25,000"
966,3240,Owned,Hyper,New,9,"1,34,05,500"
967,2790,Owned,Hyper,New,,"6,31,62,000"
968,1400,Owned,Extra,New,3,"2,37,08,000"
969,1840,Rental/Cooperate,Extra,New,8,"2,35,64,000"
970,3650,Rental,Hyper,New,7,"1,34,05,500"
971,390,Cooperate,Express,New,4,"89,56,000"
972,510,Rental,Express,New,3,"2,20,24,500"
973,1820,Cooperate,Extra,New,9,"2,21,08,500"
974,610,Rental,Express,New,1,"1,94,61,500"
975,2170,Cooperate,Hyper,Old,9,"2,43,13,000"
976,1260,Rental,Extra,New,4,"1,53,76,000"
977,460,Rental,Express,New,2,"1,56,00,000"
978,2210,Rental,Hyper,New,9,"7,06,18,000"
979,460,Rental/Cooperate,Express,New,2,"92,16,500"
980,1700,Cooperate,Extra,New,6,"1,65,26,000"
981,1530,Owned,Extra,New,4,"3,47,14,500"
982,1510,Cooperate,Extra,New,5,"1,19,15,500"
983,2360,Rental,Hyper,New,10,"7,08,38,500"
984,1250,Rental,Extra,New,6,"30,65,500"
985,450,Owned,Express,New,3,"51,41,500"
986,390,Owned,Express,New,2,"1,23,53,000"
987,520,Owned,Express,New,1,"23,36,000"
988,1260,Rental,Extra,New,6,"30,65,500"
989,2640,Owned,Hyper,New,7,"7,40,26,000"
990,490,Cooperate,Express,New,3,"1,14,47,500"
991,170,Owned,Express,New,4,"1,18,92,000"
992,1540,Rental,Extra,New,9,"30,65,500"
993,1840,Owned,Extra,New,5,"2,88,04,000"
994,2950,Cooperate,Hyper,New,7,"3,48,62,500"
995,1490,Cooperate,Extra,New,3,"3,57,53,000"
996,1310,Owned,Extra,New,3,"1,77,44,000"
997,780,Rental,Express,New,2,"1,27,50,500"
998,420,Owned,Express,New,4,"1,47,13,000"
999,890,Owned,Express,New,3,"1,46,11,500"
1000,1440,Owned,Extra,New,8,"1,37,11,500"